Image 1,Image 2,Menu,Winner
11117136_448997341923974_711657908_n.jpg,1516417_377738045750906_293275553_n.jpg,Burger,1
1799763_1568846116721848_153794917_n.jpg,10838476_1603547203214490_1673567624_n.jpg,Burger,1
11055989_349384535252405_1973311748_n.jpg,11055445_556613634441094_1451985382_n.jpg,Burger,2
317612359_466471425630629_9103376320134147638_n.jpg,321155392_654081873125804_4597979222163610840_n.jpg,Burger,2
320058631_1106504873331527_1104522570667449301_n.jpg,316251043_199244229243125_7947605523535885737_n.jpg,Burger,1
315545262_151251904307715_8335897229817639599_n.jpg,320517376_511885147583671_2321409779503336402_n.jpg,Burger,2
316251043_199244229243125_7947605523535885737_n.jpg,316919062_461083599286289_5663528881580615272_n.jpg,Burger,2
315545262_151251904307715_8335897229817639599_n.jpg,315954476_1363413874428174_5047933422376746604_n.jpg,Burger,2
138889331_411019610232400_9204160817480151258_n.jpg,138597369_411282483319072_2172309799375482580_n.jpg,Burger,1
56857856_349378192364561_3175469851077709861_n.jpg,55959664_114979116145075_190689598869178124_n.jpg,Burger,1
246881205_1060308394729253_8523102798317047106_n.jpg,246909530_625701205474212_7812503004769120618_n.jpg,Burger,1
246182698_1827649727421902_6016106697785662114_n.jpg,244779662_617395409433088_4689546542546692175_n.jpg,Burger,1
244575365_997728941073802_8477394986212377626_n.jpg,244653677_182241847288303_2309291450720088801_n.jpg,Burger,1
244418437_652548022397059_7976205653246574973_n.jpg,244653677_182241847288303_2309291450720088801_n.jpg,Burger,1
242365432_1471771356526361_5729615427424637784_n.jpg,242444163_808371556525263_6237946571936485908_n.jpg,Burger,2
242040123_840472366663122_4640622842603712661_n.jpg,242080814_180427190878194_8237751870754355664_n.jpg,Burger,1
241945976_219794936867056_3660125110849133159_n.jpg,241736688_287677299438743_7492845730420165192_n.jpg,Burger,1
202894817_489305059025170_6567701396188617551_n.jpg,202275482_476068050142917_1015846863189834453_n.jpg,Burger,1
189864350_232180965378952_723271456145310024_n.jpg,189312051_100927135512997_3596389191749746231_n.jpg,Burger,1
157766128_4212722635447131_4466236851104630479_n.jpg,157832022_613037262894806_7794547713278426115_n.jpg,Burger,1
1516457_1521380128166845_1132685752_n.jpg,11378439_559392404220010_1293992798_n.jpg,Burger,1
12276904_200090120329720_1695405197_n.jpg,12269817_1652930111628750_2126824828_n.jpg,Burger,2
11881588_1487258208259212_1915419048_n.jpg,11934623_1651838481728580_1053182626_n.jpg,Burger,2
329055792_1185200812357367_2347564196992113551_n.jpg,328512583_147177301189355_6576280018312221410_n.jpg,Burger,2
328102537_157629580424965_7907289441447984072_n.jpg,328585071_222645483549576_3261062134020471437_n.jpg,Burger,2
316809697_450388840612200_3687028451398628377_n.jpg,316919062_461083599286289_5663528881580615272_n.jpg,Burger,2
311337699_1438142933345116_8475819194754819325_n.jpg,311839896_851885102669357_1807925086505379238_n.jpg,Burger,2
289873030_573027841054648_5994248954870037846_n.jpg,290373841_779313873090563_302300073867999030_n.jpg,Burger,2
287531017_531410871955633_1499432577391323478_n.jpg,285736825_739013377295829_7509909508467983147_n.jpg,Burger,1
32570375_263844451023649_1124307934264688640_n.jpg,32741410_412246269242891_4226783204117315584_n.jpg,Burger,2
43985334_755487431465034_2235324865984388530_n.jpg,47063712_125320968467683_7173220387282730018_n.jpg,Dessert,2
47208019_131763921151617_4207235528937573710_n.jpg,46075061_259195838074788_8620640821040098288_n.jpg,Dessert,2
47583886_959105464300606_4544117051112770499_n.jpg,43984815_756708454672570_7854186937707940386_n.jpg,Dessert,2
44443963_334258080711354_2229040996309720079_n.jpg,43282933_2124641664530671_1546378145801720259_n.jpg,Dessert,1
46593162_260502597950491_4819882371830179690_n.jpg,43167157_1345463592261643_887925330050359493_n.jpg,Dessert,1
43779032_255676925302438_3642097486736901401_n.jpg,45387172_154026302236060_3036825668634193332_n.jpg,Dessert,1
44392043_731977683832931_2724141811801446502_n.jpg,44221467_353480848721263_7774222579126973040_n.jpg,Dessert,2
43040786_1190988517718482_659501642979455709_n.jpg,47382561_528489687662552_1430211809675366275_n.jpg,Dessert,1
30591647_2044923619164298_5011235186612895744_n.jpg,30084913_366916300479195_2454007638485106688_n.jpg,Dessert,2
30087582_1011417512356748_5711520550434635776_n.jpg,28763812_421915311589223_468712095999852544_n.jpg,Dessert,2
29738300_166987397349247_8517128750234599424_n.jpg,30590213_167256450655633_4677126918993084416_n.jpg,Dessert,1
30998804_1728877577202558_8393779531466407936_n.jpg,29089067_575781026116302_6310780019937378304_n.jpg,Dessert,1
17125954_610691769129855_8469197396247576576_n.jpg,17586866_1915227215380086_2845729593845874688_n.jpg,Dessert,1
17332673_416154288733886_906686824754184192_n.jpg,17439377_384116988642208_4886846053183127552_n.jpg,Dessert,1
17267804_1072336882911831_7477207878135185408_n.jpg,17438382_1364583190229308_1169100500381990912_n.jpg,Dessert,1
17126216_730011753833581_5803106261255847936_n.jpg,17586984_428229494183717_8440815539391037440_n.jpg,Dessert,1
16583277_1246649542115241_8819044889351159808_n.jpg,17125805_1772374943079893_3070713587266748416_n.jpg,Dessert,2
16583277_1246649542115241_8819044889351159808_n.jpg,17494054_1871412776410068_5319361577856532480_n.jpg,Dessert,2
14736459_680056438818748_8214456714053812224_n.jpg,14482909_851684298265659_1586249804596379648_n.jpg,Dessert,2
14533483_927667504005415_5552794433373601792_n.jpg,14592019_548118222063831_7773393976828100608_n.jpg,Dessert,2
14134522_297991087234644_634290434_n.jpg,14723062_546346765565172_7314247455896240128_n.jpg,Dessert,2
30079147_2466548156704481_7240125253899255808_n.jpg,30590143_180756565911422_668976113090822144_n.jpg,Dessert,1
30084913_366916300479195_2454007638485106688_n.jpg,30087315_233745567190414_6827829120995426304_n.jpg,Dessert,1
269977490_1066920094159592_3907553725159899621_n.jpg,263526381_3033176853598964_3564393029331855378_n.jpg,Pizza,2
38769458_260488591232387_8823641999006498816_n.jpg,37901325_2099160820353315_4065634832875520000_n.jpg,Pizza,2
332029467_908125623649524_1435351589380532417_n.jpg,331254884_3299849373600863_1488592353295246488_n.jpg,Pizza,2
331129582_572122901610872_1126705209364013612_n.jpg,331254884_3299849373600863_1488592353295246488_n.jpg,Pizza,1
331534956_159875096857375_3296763842997835471_n.jpg,333545956_867568937645420_5319227789523335769_n.jpg,Pizza,1
329815115_929505391399843_2184734212831694842_n.jpg,333545956_867568937645420_5319227789523335769_n.jpg,Pizza,1
330755232_756223642598816_3488260083344247065_n.jpg,332029467_908125623649524_1435351589380532417_n.jpg,Pizza,1
191580828_204120388204821_5606191026488680255_n.jpg,193014577_1376198326114767_6566017916208890067_n.jpg,Pizza,2
192282368_792206611407518_1007951215466331085_n.jpg,191580828_204120388204821_5606191026488680255_n.jpg,Pizza,1
21577064_305928119876962_1122959482037469184_n.jpg,21826947_143790632892171_6615768422175211520_n.jpg,Pizza,1
21576787_186490498585939_7473244864566525952_n.jpg,21826947_143790632892171_6615768422175211520_n.jpg,Pizza,1
13534367_146722982401819_1927351267_n.jpg,13402479_599303026897003_1410691472_n.jpg,Pizza,2
13658670_497262657135772_1778521620_n.jpg,13636237_1345312905496250_751373314_n.jpg,Pizza,1
14374501_1317027038337445_751016389_n.jpg,14269234_1797724650447475_1015428204_n.jpg,Pizza,2
13636237_1345312905496250_751373314_n.jpg,13739388_271874309864416_1537830796_n.jpg,Pizza,2
329254435_528795616010960_2823548198250212389_n.jpg,329055789_604066361561665_2647923405224535561_n.jpg,Pizza,2
325580434_1880300635680416_1608672648779428061_n.jpg,325770593_696688508784266_1279683297851617284_n.jpg,Pizza,1
324698842_176782604980499_4221165803343298178_n.jpg,323843437_871608254048264_565803655224326339_n.jpg,Pizza,1
323154586_710968117075474_8046182971846767828_n.jpg,323840603_538471624874998_7214011113131531368_n.jpg,Pizza,2
320500169_674569027485279_9146216692868739185_n.jpg,320206155_210086324808432_7079739435774538141_n.jpg,Pizza,1
315104574_419238686921452_2947015828713113815_n.jpg,315291402_1423671051372706_514119147595511095_n.jpg,Pizza,2
310904820_807493737034369_8679322338724860007_n.jpg,310791550_139907805426615_1963917203063835898_n.jpg,Pizza,1
21569084_115595109121232_821729120349061120_n.jpg,21909631_127579371301668_4419782464415727616_n.jpg,Pizza,1
20634628_110624352971529_3403870025709256704_n.jpg,20759618_1849522951854074_3638746935130587136_n.jpg,Pizza,2
321174604_542695657877364_2475541234582595236_n.jpg,321385561_715065206564337_7449202780081155322_n.jpg,Pizza,1
320728043_647148227156917_1556510158367256441_n.jpg,321178296_212708044476601_8618792986623464295_n.jpg,Pizza,1
324396169_3325679051013306_8444172864914828632_n.jpg,324066583_696594978837575_1763990571754926206_n.jpg,Pizza,2
70936517_134347931197642_8607233491743510223_n.jpg,72398031_161074508339862_255153037470427400_n.jpg,Pizza,1
76817153_3720330764659745_5354196926280538804_n.jpg,72419762_456963268268747_6237057873984626535_n.jpg,Pizza,1
71182982_2424170071244596_4379177736122502083_n.jpg,75580644_2750918008304500_264373236640791097_n.jpg,Ramen,2
84430619_250864489405363_1959860875934293042_n.jpg,87578397_1525013024332090_4643922563362928419_n.jpg,Ramen,2
87405172_776045132919961_4978221120741961536_n.jpg,87404058_637395990421456_1813220378013752495_n.jpg,Ramen,1
83840360_170498047715911_3514566923656672119_n.jpg,83076232_2609036959333753_8401795662560967130_n.jpg,Ramen,2
84305897_221596552194123_1479691928995390738_n.jpg,83076232_2609036959333753_8401795662560967130_n.jpg,Ramen,2
70499576_552557015511989_393928320450088101_n.jpg,73049986_1001468773521202_7996101210304759685_n.jpg,Ramen,1
11379899_847157352041635_1130630752_n.jpg,10543922_450932588401336_739678509_n.jpg,Ramen,1
11381786_403750313154413_14393541_n.jpg,11254473_1004519686226204_1468534364_n.jpg,Ramen,2
224978068_998880990944851_414209005693750126_n.jpg,222647960_416018753036515_8837004213601522263_n.jpg,Ramen,2
174655637_1452065868465595_3126179082713999396_n.jpg,171063808_295648475411933_5208077399226599921_n.jpg,Ramen,1
152839110_1015735665618669_6107180570988458055_n.jpg,151350728_3927863133942796_3207591448617399978_n.jpg,Ramen,1
316965628_153628484051636_8989734713588215362_n.jpg,316812899_153026954111789_3857708889581216474_n.jpg,Ramen,2
317073780_152972780783873_4861874251574986161_n.jpg,317090093_152973527450465_7107632891179524663_n.jpg,Ramen,1
316945722_152379074176577_6122673561102894677_n.jpg,316263605_152972280783923_373168933401257426_n.jpg,Ramen,2
315553090_151349247612893_1551330009511799505_n.jpg,316424007_152971994117285_5629706746498567836_n.jpg,Ramen,2
314967702_149435187804299_3762763209678592397_n.jpg,316676610_152383684176116_5278942978315411409_n.jpg,Ramen,2
311154043_927849221516270_3915455139898845698_n.jpg,312026734_1073799916659584_7281487965936574010_n.jpg,Ramen,1
311447988_468062445295430_3599079572221690083_n.jpg,311073186_2130647070474371_4927293031665060112_n.jpg,Ramen,2
311746357_499816168673049_8303903743844636666_n.jpg,310873825_777030303370923_5175305165093145022_n.jpg,Ramen,2
311478465_493400659366343_289040289689423632_n.jpg,310596937_1012963606768943_4067755927971225271_n.jpg,Ramen,2
311437075_190371113478344_8332867200657404201_n.jpg,311021338_159987450007442_3959776750069785197_n.jpg,Ramen,1
310621578_192572786479445_6117178142956372731_n.jpg,310124720_1327954517740030_6155731653667846137_n.jpg,Ramen,2
309573222_464789985616901_5553528645495089976_n.jpg,309891314_5274647315965994_337548874073863425_n.jpg,Ramen,1
309519003_165729519384320_1102033255849844212_n.jpg,310163487_180325491201434_6070199003073864627_n.jpg,Ramen,1
308494754_874741020156853_2636018043984747988_n.jpg,308714764_1520681085021127_617705524801554633_n.jpg,Ramen,2
307834780_866237757606388_2958084627135504076_n.jpg,307655518_5806493896035562_1444903109016578572_n.jpg,Ramen,2
306917569_836656103990926_8012047508509536880_n.jpg,307726641_485450260117829_7639687817490152763_n.jpg,Ramen,1
307561055_1730071694037572_8244817576429059176_n.jpg,307630899_596275278708729_3487695446762220808_n.jpg,Ramen,2
307259859_808719023659060_6321608169158153085_n.jpg,306096790_1106923720191494_5390300895055602312_n.jpg,Ramen,2
306081090_1510900399324211_8503281087830745879_n.jpg,306477342_189155720166367_5956430331153027473_n.jpg,Ramen,1
305860807_1494781827634309_5254387089408243065_n.jpg,306679193_386915690112875_1789099815826869506_n.jpg,Ramen,1
306100588_475510381147757_1196563992721500500_n.jpg,305279134_603021091364871_7708288590563737578_n.jpg,Ramen,2
303236136_604816304478290_172803265930448776_n.jpg,305884891_608290267418527_138773165400340504_n.jpg,Ramen,1
72789898_157187405507465_7571335839360713491_n.jpg,76887270_496316014308436_8928305966275538517_n.jpg,Ramen,1
72781206_107236080646915_105836491357013925_n.jpg,72299815_157758158806476_3571697223681565128_n.jpg,Ramen,1
73393298_179087009879058_7393527651229324178_n.jpg,73036543_2701878206565943_99846392390244117_n.jpg,Ramen,2
71713324_1372788962880638_6843625271317176003_n.jpg,75602203_201497744210289_4131909896115570340_n.jpg,Ramen,1
72487369_805321096584651_1828901546681116043_n.jpg,73250908_154283859291939_4406244861925087604_n.jpg,Ramen,1
75272119_155542502354915_9063639254265953806_n.jpg,72977128_116093663178907_6871202834528863719_n.jpg,Ramen,1
74384414_1531407200330849_2770297906078855134_n.jpg,71286062_340408146805015_4238916231357662732_n.jpg,Ramen,1
72901428_200529897636804_8270739627112300444_n.jpg,71731208_167505307775591_8277646012597587384_n.jpg,Ramen,1
73480806_208646230138312_4154701436797450956_n.jpg,73091491_168504727673339_7223148220964105738_n.jpg,Ramen,2
71255789_2617040574983062_6950391026766258749_n.jpg,72248635_473033110223769_2512291307959383063_n.jpg,Ramen,2
123140662_2664464673819629_758774588878349283_n.jpg,121173313_630982247587296_7526873547037895211_n.jpg,Sushi,2
123384576_125862325712662_5721237591491034013_n.jpg,121663614_1772053466281637_2165721196137235996_n.jpg,Sushi,2
126424306_684546002425844_1903335169406236047_n.jpg,123140090_404369590580709_5460559474064240043_n.jpg,Sushi,2
123144721_202861281348883_590201382493675377_n.jpg,120536888_126416008914630_6585228881115707806_n.jpg,Sushi,2
121636270_2960238350928152_5127125759777494166_n.jpg,127925909_377601623525424_6536478415947567988_n.jpg,Sushi,1
125091296_2926970854192350_3264975942999600430_n.jpg,122565336_395657851811740_3036997020445208536_n.jpg,Sushi,2
121592217_1308166029530364_7371906015222181114_n.jpg,124217510_3396888577061190_4974045476546649847_n.jpg,Sushi,1
126058501_2682912192024054_8508878587062177914_n.jpg,121063438_227210542068628_6165747730325576932_n.jpg,Sushi,2
125466564_2690835787836104_7737091042739408683_n.jpg,120551145_806115763498674_4242180141545987195_n.jpg,Sushi,2
120733398_1308036952877644_1368805335171939856_n.jpg,123144553_704058607190972_7174138761568614230_n.jpg,Sushi,1
120926363_370466340805287_765780305985548579_n.jpg,123172824_772679293281955_5175570988091646256_n.jpg,Sushi,1
123739948_2862211360658598_2575555021032751202_n.jpg,124029345_853648638705511_5924469535942986082_n.jpg,Sushi,1
28433527_917500551743963_2068490433398308864_n.jpg,29415618_169026053908204_3152048980678934528_n.jpg,Sushi,1
28764913_154475388524454_5449750522900774912_n.jpg,26868605_1982629161955137_8525708905186066432_n.jpg,Sushi,2
29087382_1904178226319012_8241629812494434304_n.jpg,28151834_154688755158944_2395915173559795712_n.jpg,Sushi,2
27890789_166610420795830_3871108118997893120_n.jpg,28428193_2020416538173536_4095514941828628480_n.jpg,Sushi,1
27893854_560906910938928_9054207731925254144_n.jpg,29093813_123898548451270_699748364060721152_n.jpg,Sushi,1
13256969_1725909101011693_989988814_n.jpg,13181375_1114595581915474_1051079130_n.jpg,Sushi,1
13249845_1145212565529449_903487074_n.jpg,12905050_1702933476645840_295049727_n.jpg,Sushi,1
13258917_1685396928347572_1268159680_n.jpg,13257128_283311608675120_2048582663_n.jpg,Sushi,2
12965162_1562646030699206_1091496153_n.jpg,12677527_1740484719497301_2138254466_n.jpg,Sushi,1
12383665_482176871966810_530560087_n.jpg,13118344_1710364645868395_961309100_n.jpg,Sushi,1
13267411_581362782037024_179191124_n.jpg,13166695_1589830088012005_1948013272_n.jpg,Sushi,1
13256610_237797486611814_1931005133_n.jpg,13151354_875783432533844_1437326958_n.jpg,Sushi,2
13129949_1005170399518634_23556381_n.jpg,12976437_1609110956076904_1228850299_n.jpg,Sushi,1
13183547_280054262339847_381362562_n.jpg,12519107_924840830947307_74989274_n.jpg,Sushi,2
13118258_1195835940461576_2024658923_n.jpg,12950370_1669264433339256_915071096_n.jpg,Sushi,2
12940247_650608885078322_232035883_n.jpg,13188209_628434130640288_1782527935_n.jpg,Sushi,1
12960118_1042963535742894_875518427_n.jpg,12965839_993371057377660_1124139822_n.jpg,Sushi,1
13249010_236005396771574_485907932_n.jpg,13129516_1081400751935283_747739957_n.jpg,Sushi,2
129483116_2744988429088177_7877029358701699875_n.jpg,125005040_738157110120516_3945201716708954373_n.jpg,Sushi,2
123146197_1036176946847731_928824156947549699_n.jpg,128422161_382560506495717_6662192582818754818_n.jpg,Sushi,1
124295807_912900245908729_7878599510152787759_n.jpg,126520464_153524943124372_5214325342417922845_n.jpg,Sushi,2
126056274_212979423597368_4519631247727730342_n.jpg,126972937_421191402233599_8523281420090427901_n.jpg,Sushi,1
125472113_387629995923934_7024254964387982507_n.jpg,123482519_387658885758937_2982566443978511088_n.jpg,Sushi,1
123864117_376512407102724_3995817528217917742_n.jpg,121389160_1650397671807288_8715062090969151002_n.jpg,Sushi,2
127701101_774036309848342_8925353607762608101_n.jpg,122200464_457996815178670_241781219929953444_n.jpg,Sushi,1
123140377_377267950291750_2806601892336860731_n.jpg,122087533_129037988644464_4598580470885863660_n.jpg,Sushi,1
127157828_3474079642704500_5030982143150119189_n.jpg,122256957_1814218692061873_162757197600505219_n.jpg,Sushi,1
32531888_2092479777700664_7459964623823831040_n.jpg,32035727_457499854689103_5753123570758713344_n.jpg,Sushi,1
